artist,amount_of_songs,amount_of_plays
Empire of the Sun,4,7
Klangkarussell,12,143
Grandson,24,300
Lucky Luke,8,62
HVME,1,44
Castlecomer,2,55
Kygo,70,820
Aftermath,1,20
Translate AMK,1,6
WINATI,1,2
Klaas,2,33
DMNDS,1,3
HVSH,1,9
TRFN,4,13
Ed Marquis,2,9
Besomorph,6,40
Pulsedriver,1,5
Alok,3,16
mount,1,6
Chico Rose,2,19
Linius,4,33
Stefy De Cicco,1,15
Dwin,1,5
Dan Port,1,6
Darrell Story,2,29
Galwaro,2,17
Jon Howard,1,12
Gaullin,9,75
Moonshine,1,8
Tiësto,39,363
Hours,1,2
KVSH,1,3
ESH,1,5
Marcus Layton,2,4
Vinai,1,7
LIUFO,3,26
Steve Void,2,11
dubdogz,1,11
Kaan Pars,1,5
Arc North,2,6
Dynoro,6,339
Olympis,1,9
Dimitri Vegas & Like Mike,12,72
Drenchill,2,10
twocolors,1,6
Yves V,2,23
Quarantino,1,6
Lonelysoul.,1,5
Mike Gudmann,1,9
Ilkay Sencan,2,7
Mike Candys,1,11
Vize,1,25
Eastblock Bitches,1,2
Stromae,8,167
Y2K,1,15
Alex Parker,1,8
DRØOM,1,3
FELLA,3,17
Tujamo,1,3
Hotway,1,10
Robin Schulz,14,65
Tommee Profitt,23,97
yarimov,1,11
surf mesa,1,7
Jax Jones,9,109
Tamer Kaan,1,7
Regard,1,26
Elderbrook,5,82
Topic,2,7
Möwe,1,10
Martin Vide,2,6
Ugg'A,1,5
Sia,30,191
LUM!X,3,12
Imagine Dragons,32,508
The Partysquad,8,105
Disclosure,7,36
Major Lazer,44,859
Bright Eyes,1,23
Shakira,4,35
N.E.R.D,7,25
Bonnie Tyler,2,13
Kensington,33,311
Bring Me the Horizon,4,31
Run the Jewels,84,332
Avenged Sevenfold,47,1989
CHVRCHES,2,33
Nate Feuerstein,2,37
Powfu,1,13
Duke Dumont,10,172
Breaking Benjamin,12,128
Audien,4,42
Lost Frequencies,34,267
Virtual Boy,8,75
Infected Mushroom,181,4320
Taylor Swift,7,21
Alex Gaudino,5,28
Daft Punk,52,496
The Opposites,6,60
Dua Lipa,12,182
Nena,1,9
Outsiders,1,7
Eminem,130,1768
Shawn Mendes,6,42
Michael Hunter,2,26
Garmiani,3,34
Avicii,27,179
JAY-Z,13,51
Elvis Presley,4,8
Raaban,2,3
Mindless Self Indulgence,22,139
Lorde,10,134
Wolfgang Amadeus Mozart,7,61
OutKast,7,55
Guus Meeuwis,5,13
NF,41,547
Tenacious D,11,190
Macklemore & Ryan Lewis,6,53
Muse,118,2269
Gigi D'Agostino,11,124
Drake,2,27
Chef'Special,2,43
Nelly Furtado,1,9
Timmy Trumpet,6,24
D-Block & S-te-Fan,18,52
Coldplay,41,274
Metallica,11,84
Headhunterz,8,35
Calvin Harris,24,175
Dr. Dre,9,131
Cartoons,1,24
Gers Pardoel,3,18
AJR,14,71
Axel Thesleff,6,121
Ella Eyre,1,74
Cosmosis,1,12
Tones and I,4,98
MATOMA,3,35
Unlike Pluto,36,413
Apollo Fresh,1,17
Icona Pop,2,17
Linkin Park,54,597
SKAN,11,45
Lewis Capaldi,1,40
The Script,10,69
Aqua,1,26
Fort Minor,11,179
Skrillex,24,309
Dirtyphonics,3,23
Alaa,1,20
Billie Eilish,10,43
Sean Paul,5,60
Teriyaki Boyz,2,21
2 Chainz,1,19
Donnie,1,4
Tinie Tempah,7,40
TheFatRat,4,31
Jop,1,3
Golden Features,6,59
OneRepublic,9,170
Ellie Goulding,5,34
Green Day,13,48
Finger Eleven,2,24
Queen,66,272
Carly Rae Jepsen,5,19
Kool & The Gang,3,20
Big Data,34,680
Three Days Grace,31,215
Pendulum,70,931
Halestorm,4,46
Faul & Wad Ad,3,24
Case & Point,1,11
Nathan Feuerstein,9,117
Bloodhound Gang,7,113
Zedd,20,153
Big Sean,2,8
Bastille,10,67
Swedish House Mafia,15,163
Kshmr,7,33
ScHoolboy Q,12,181
Jasper Forks,1,18
Vengaboys,3,6
Marshmello,5,59
Excision,5,56
deadmau5,26,249
Antony and the Johnsons,1,20
Disturbed,45,446
Lizot,2,2
LOST FREQUENCIES & NETSKY,1,1
Dotan,4,20
Yolanda Be Cool,2,16
Ava Max,2,19
Classified,2,23
The Glitch Mob,54,428
Bon Jovi,3,34
Beck,1,21
Josh Osho,1,19
N.W.A.,2,8
Foxes,3,50
J Balvin,2,16
Seeed,3,8
Kavinsky,21,477
Clean Bandit,23,113
Mumford & Sons,2,45
Chuck Berry,1,17
Hans Zimmer,10,67
St. Vincent,3,21
Ed Sheeran,14,97
Army of the Pharaohs,82,801
Dog Blood,1,4
Natalie Imbruglia,1,6
Ratatat,4,71
Portugal. The Man,2,7
Sigurd Barrett,1,1
Witt Lowry,35,473
Astronaut,9,40
Soil,10,100
Village People,3,14
Tom Odell,7,71
Mt. Eden,8,121
Flosstradamus,11,124
Led Zeppelin,12,39
Christina Aguilera,1,14
Train,4,38
Barely Alive,5,47
Volbeat,19,115
Noisestorm,2,27
Davina Michelle,2,3
Blue Öyster Cult,1,5
Lana Del Rey,7,40
Descent Into Nice,1,2
"It's hard to watch, but I can't look away",1,1
Kanye West,27,274
The Saturdays,1,6
Franz Ferdinand,2,2
NO CITY WIN ONLY CHALLENGE,1,1
Van Halen,1,4
Jay Kill & The Hustle Standard,1,19
Savant,10,18
Warface,1,3
Syn Cole,7,41
Guns N' Roses,6,69
Flat Earth,1,2
Woodkid,19,438
Party Animals,2,26
Jawsh 685,2,2
Alan Walker,28,191
Rihanna,12,143
Eric Johnson,3,59
De Staat,2,4
Lynyrd Skynyrd,1,5
Onbekende artiest,6,11
Rammstein,17,175
Passion Pit,2,33
Wale,2,24
Blue Stahli,5,26
Galantis,6,17
J.Views,1,22
Stan SB,4,21
Lucidious,2,9
Bro Safari,1,3
Matrix,2,13
Electric Light Orchestra,9,77
Ranji,2,69
David Guetta,33,437
Pitbull,10,82
The Chainsmokers,41,249
DMX,9,140
DJ Khaled,5,33
GotSome,5,55
Sam Smith,4,51
The Score,20,311
TroyBoi,13,48
Bakermat,15,99
Rudimental,37,180
Thomas Bergersen,14,234
Machines Don't Care,1,2
Doap Nixon,1,4
Supergrass,1,22
Que & Rkay,1,3
Trap Nation,8,8
Blondie,3,36
Lithuania HQ,1,1
Beyoncé,5,41
Stephen,4,44
Machine Gun Kelly,23,65
Limp Bizkit,3,36
Men at Work,1,5
A.H M.,1,1
2Pac,5,38
D12,3,3
Black Eyed Peas,8,10
Billy Talent,12,88
Benny Benassi,13,58
Basement Jaxx,3,33
The Baseballs,3,26
Asaf Avidan & The Mojos,3,28
Anouk,3,61
Alexandra Stan,1,18
Analog People In a Digital World,2,14
Alphabeat,1,21
The All-American Rejects,1,20
Alien Ant Farm,2,31
Alcazar,2,23
Akon,4,24
a-ha,3,30
50 Cent,4,42
Thirty Seconds to Mars,4,29
3 Doors Down,3,65
The Wombats,1,5
Chase & Status,17,192
The Prodigy,57,297
Rage Against the Machine,8,72
Siames,8,38
Onlap,1,5
Jayh,1,19
Gorillaz,41,350
Brick + Mortar,23,485
Pink Floyd,18,44
Queens of the Stone Age,36,693
Tech N9ne,5,49
Hoffmaestro,1,4
Afrojack,7,88
Coone,16,74
The Ruffled Feathers,1,4
Ludwig van Beethoven,6,21
Armin van Buuren,36,148
DJ Snake,9,67
MØ,3,41
Fleetwood Mac,7,42
Florence + the Machine,11,130
Klingande,7,49
Pharrell Williams,10,85
Starship,1,5
Janieck,1,5
Jackie B.,1,29
Doe Maar,3,13
Campsite Dream,2,45
Crazy Frog,1,26
The Verve,1,24
Jedi Mind Tricks,23,135
George Ezra,2,25
Awolnation,5,45
Iggy Pop,1,3
The Rolling Stones,8,111
Lourdes,1,14
Richard Wagner,5,31
K Theory,2,19
I Am Legion,1,17
Rootkit,1,5
UB40,4,18
Vibe Tribe,3,32
MISSIO,13,96
Basshunter,3,9
Adele,3,61
MGMT,1,18
Skream,3,31
Laid Back,1,17
MoonyMan,1,14
Fedde Le Grand,4,41
Megadeth,18,130
SL4F,1,1
Status Quo,8,18
Instant Party!,2,2
Fall Out Boy,56,780
OMFG,4,109
Winne,4,43
P!nk,9,98
Crito,1,10
Johann Pachelbel,1,2
Mark Ronson,7,117
The Beach Boys,7,46
Abbey Road,3,41
Millie B,1,4
Clouseau,1,6
Lene Marlin,1,4
Martin Garrix,22,178
Our Last Night,28,404
Mika,1,5
Tina Turner,2,7
Lil Wayne,8,78
Uplink,1,3
GameMeneer,1,1
Arcando,1,7
Scooter,16,161
Jamiroquai,1,7
Lipps Inc.,1,15
Charles & Eddie,1,7
Kid Rock,1,18
ShockOne,1,20
DJ Fresh,1,25
New Order,1,3
Kick The Habit,3,21
Wax Fang,1,36
Yes,4,27
BlasterJaxx,2,18
Kenny Loggins,2,6
Death Legend,2,22
M.I.A.,1,21
Katy Perry,11,149
Kerli,1,16
Paramore,4,9
Tritonal,5,6
Panic! at the Disco,23,190
Luminox,1,30
Guillermo,1,5
Aperture Science Psychoacoustic Laboratories,2,40
Alligatoah,4,91
Dan Bull,13,82
Defqwop,1,5
League of Legends,14,167
Meat Loaf,2,25
Cartoon,10,150
Mike Posner,16,85
Kevin Drew,3,39
Red Hot Chili Peppers,3,47
Andrea Bocelli,2,5
Lune,1,26
Bruno Mars,4,39
R.E.M.,1,16
Supertramp,8,90
Priority One,2,22
Jack Holiday & Mike Candys,1,35
Keys N Krates,8,58
Slaughterhouse,9,194
The Kooks,1,2
[dunkelbunt],2,25
Regi,1,4
Depeche Mode,2,9
Sigmao,1,26
Tungevaag,4,20
Whethan,3,5
System of a Down,10,79
Prismo,1,8
Hardwell,8,103
Syzz,2,6
Stephanie J. Block,1,3
Tom Walker,5,24
Loadstar,1,53
El-P,1,1
Illenium,12,26
Matrix & Futurebound,7,48
OVERWERK,8,39
The Alan Parsons Project,1,15
Snow Patrol,14,84
Haddaway,3,20
Young MayLay,1,19
AC/DC Tribute Band,1,22
Jessie J,3,21
Yellow Claw,25,247
Faithless,4,51
Carl Douglas,1,3
Sheppard,1,3
Coming Soon!!!,3,45
Bob Sinclar,6,32
Kid Cudi,14,147
Kestutis K,1,27
Dreadnut Inc.,1,1
Europe,4,73
Parra for Cuva,2,55
Krewella,18,357
Bob Marley & The Wailers,10,91
Xerox,2,24
Ilse DeLange,1,2
Oscar Santos,1,6
DJ Shadow,4,41
Example,1,4
Of Monsters and Men,3,12
Bingo Players,4,19
Janko13k,1,7
Big Mountain,1,8
Kungs,4,28
Miley Cyrus,1,14
Tears for Fears,1,23
Sum 41,2,3
Boney M.,6,14
Ratking,1,18
Paranormal Attack,2,18
Journey,8,31
Apashe,23,132
Ramin Djawadi,3,33
It's a Cover Up,1,17
Vinnie Paz,21,143
Griz,3,23
Birdy,9,55
Paul Stanley,1,8
Billy Joel,4,27
Walk the Moon,18,68
DJ Paul,2,20
Psychic Type,1,28
88-Keys,1,3
Escape the Fate,9,59
Rag'n'Bone Man,9,63
The Romantics,1,6
Mos Def,3,50
Flo Rida,8,90
The Killers,8,76
Luis Fonsi,3,49
Kiesza,2,19
John Legend,9,104
Manian,6,30
Indila,1,2
Frank Sinatra,1,1
Yellowcard,3,65
Zara Larsson,2,31
Felix Jaehn,8,55
Yahel,2,13
Kaiser Chiefs,2,60
Ramses Shaffy,1,4
Kansas,2,42
Hurts,2,36
Alice Cooper,3,17
Jason Derulo,7,212
Technohead,1,4
Andre Hazes,3,20
Sub Focus,2,47
Boef,8,32
Liquido,1,9
Five Finger Death Punch,6,67
Lensko,2,53
The Fall of Troy,1,3
Astrix,2,33
Slander,1,3
Elton John,1,2
Vini Vici,5,17
Sidney Samson,6,34
Scatman John,2,6
Foreigner,4,29
Vicetone,8,23
Sander Van Doorn,3,40
Sub.Sound,1,1
Gnarls Barkley,1,46
Racoon,3,45
TC,1,25
Michael Sembello,2,21
Duck Sauce,4,23
Nielson,4,53
Nico & Vinz,1,32
The xx,3,78
Bløf,5,28
Celph Titled,2,85
Goldfinger,3,15
Indiana,1,19
Wiz Khalifa,5,54
Lange Frans,8,86
Taio Cruz,3,7
Hail Mary Mallon,1,31
Rise Against,12,152
Adaro,1,6
Cazzette,1,4
Tal Bachman,1,33
John Mayer,1,15
T.I.,4,21
PM Artist Sessions Project,1,6
Tove Lo,10,42
Johnny Cash,4,18
Ill Niño,2,25
Kylie Minogue,1,21
Mike Shinoda,8,24
MajorLeagueWobs,3,8
Netsky,3,56
Annakin Slayd,1,4
Desiigner,1,6
Martin Solveig,5,97
Katrina & The Waves,1,9
Bad Meets Evil,18,239
"Flowjob, Morten Granau",1,11
Stonebank,1,2
Matisyahu,8,26
Jessy,1,4
B.o.B,8,63
Frank Klepacki,3,49
K-391,2,4
Warren G,1,17
New World Sound,2,19
Datsik,2,22
James Blunt,6,76
The Animals,2,12
Ina Wroldsen,2,6
Robin S,2,30
Cypress Hill,3,53
DragonForce,4,33
The Fray,2,11
sub urban,1,3
Royal Republic,2,168
Rita Ora,2,16
Snoop Dogg,9,69
Maroon 5,9,93
Gwen Stefani,2,52
Knife Party,7,25
Jean Elan,1,18
Omi,3,44
Robin Thicke,2,39
Brennan Heart,4,28
Conkarah,1,4
Maximo Park,1,4
Nirvana,3,70
Pegboard Nerds,7,22
cYsmix,1,6
Cutting Crew,1,11
Sabaton,3,10
Danzig,1,4
Milky Chance,9,70
GAMPER & DADONI,2,7
Flux Pavilion,3,4
Toto,4,44
Ricky Martin,1,11
Wild Culture,2,24
Sam Feldt,9,161
Mass Choir,1,19
The Disco Boys,1,2
Chumbawamba,1,3
Janet Jackson,1,4
Calum Scott,2,6
Israel Kamakawiwo'ole,4,87
Sir Mix-A-Lot,1,8
Procol Harum,3,20
Jason Mraz,1,38
Flowdan,1,29
Muzz,1,4
Hux flux,2,13
CeeLo Green,3,22
Gary Jules,1,17
Teddybears,1,24
Doja Cat,1,1
A Great Big World,13,27
The Wanted,1,28
BVRNOUT,1,7
Soulja Boy,1,16
Laidback Luke,1,3
Evanescence,2,26
"Nas & Damian ""Jr. Gong"" Marley",1,17
The Goo Goo Dolls,1,6
Elize,1,3
Ben Howard,2,27
Re-Style,3,9
Upgrade,2,22
The Weeknd,26,306
DVBBS,6,46
Dreamers,2,12
Boudewijn de Groot,1,3
James Hannigan,1,15
Lesley Gore,1,24
Digital Farm Animals,2,42
No Doubt,1,30
The Offspring,5,76
James Arthur,2,5
Vinzzent,1,2
Mr. Probz,5,74
Studio Killers,1,5
From First to Last,1,17
Tom Cochrane,1,2
Lil Nas X,1,2
Diplo,10,69
Martin O'Donnell,3,16
ITP,1,13
All-4-One,1,5
Glebstar,4,83
K.Flay,2,24
Alanis Morissette,1,5
Paloma Faith,1,24
Iggy Azalea,2,10
The Pointer Sisters,1,24
Eiffel 65,4,23
Dirty Dancing Original Demos,1,1
Evil Activities,2,28
The Jane Austen Era,1,5
American Authors,3,36
Dio,1,17
Flume,11,99
Ran-D,4,25
Yello,2,9
Jimmy Cliff,1,8
Childish Gambino,14,108
Adam Lambert,1,14
Eric Prydz,6,40
Denzel Curry,1,7
Daniel Powter,1,3
New Kids,3,46
Alexander Brown,1,39
Ivan Gough,2,7
Coolio,4,30
Curtis Alto,1,3
Arctic Monkeys,13,246
Britney Spears,6,31
Acda en de Munnik,4,11
Monstaz.,2,22
Spiderbait,1,20
Hoobastank,2,31
DR Rude,1,16
Niall Horan,3,48
The Crystal Method,4,31
Porter Robinson,5,27
Kings of Leon,5,76
Far East Movement,3,36
Spice Girls,2,27
M83,8,66
Dan McKie,2,25
DIRKJAN RANZIJN,1,5
Dion,1,4
Jetta,2,54
Timbaland,1,2
Skillet,3,53
W&W,6,60
Lee Towers,1,2
De Kreuners,1,3
Toploader,1,14
Mike Perry,4,39
Lily Allen,1,6
Oliver Tree,1,9
Oliver Heldens,9,29
Fox Stevenson,1,37
Wankelmut,2,32
Arrested Youth,1,7
Di Quinto Rocco,1,2
Twisted Sister,1,5
Lady Gaga,4,4
Krezip,2,16
X Ambassadors,42,437
Liesbeth List,1,5
Club Madness,2,12
Frank Ocean,1,2
Laura Jansen,1,26
DJ Paul Elstak,8,116
De Jeugd van Tegenwoordig,3,11
The Chemical Brothers,5,21
MNEK,1,20
U2,4,56
Lucas & Steve,1,23
4 Non Blondes,2,7
Nick Cave & The Bad Seeds,1,6
Remady,2,8
Shirk,4,114
Tom Jones,1,6
Backstreet Boys,4,16
Los Del Rio,1,1
ZAYDE WØLF,26,52
Alessia Cara,2,49
Celldweller,7,32
Emma Hewitt,1,23
Lindsey Stirling,1,28
Sesto Sento,1,18
Family of the Year,1,21
Spacehog,1,24
Baauer,3,36
Bag Raiders,1,24
Starset,2,23
Veorra,2,45
Martin Jensen,3,8
Snollebollekes,1,2
black coast,4,21
Matthew Wilder,1,9
The Yesteryears,1,21
Kill Paris,2,7
Radiohead,8,65
Black Hippy,1,2
Cyndi Lauper,2,7
Kyro,1,3
Noma,1,3
DaBaby,1,3
t.A.T.u.,1,50
La Roux,2,6
Vance Joy,1,44
Eve,3,19
Counting Crows,2,43
Amber Pacific,1,17
Twenty One Pilots,29,100
Bruce Springsteen,3,33
Aloe Blacc,2,27
The Underdog Project,2,18
Feed Me,8,65
The Lonely Island,10,119
Foster the People,3,26
H3ctic,1,18
DNCE,1,5
Idina Menzel,3,14
Benasis,5,51
Toby Fox,1,3
Robbie Williams,1,29
Lou Bega,1,8
Don Diablo,12,39
Freestylers,2,13
Dan Croll,2,18
Silk City,1,18
Justice,1,7
Quvenzhané Wallis,1,11
Foo Fighters,22,155
Deep Blue Something,1,4
Alex Clare,1,1
Soft Cell,1,1
Tantrum Desire,2,14
Smallpools,2,23
The Flexican,1,15
Holy Grail,4,10
Jonas Aden,1,5
Music Junkies,1,20
Meredith Brooks,1,5
Deorro,3,28
Seinabo Sey,2,17
Soilwork,1,27
Seal,1,9
Nickelback,6,65
Gorgon City,2,23
Tribe Society,1,50
Goldfish,8,67
The Soggy Bottom Boys,6,33
Go Betty Go,1,26
The Lumineers,1,13
Kid Ink,2,14
Ultimate Kaos,1,19
Junkie XL,3,27
Leona Lewis,1,14
Gym Class Heroes,2,7
Duncan Laurence,1,2
Bossfight,1,17
Triggerfinger,1,3
Snoop Lion,2,15
K/DA,2,36
Die Antwoord,4,116
Patrick Hernandez,3,28
Jacques Brel,1,17
Feint,1,1
Edward Maya,3,22
The Cure,1,14
Nero's Day at Disneyland,1,26
LCD Soundsystem,2,12
Disturbing Tha Peace,1,8
Seether,1,44
London Symphony Orchestra,1,5
"Earth, Wind & Fire",1,24
Hozier,2,37
Jared P,1,2
SoKooL,2,19
Crookers,2,16
Eagles,4,52
Amaranthe,2,3
Cigarettes After Sex,1,1
Willy William,1,24
DNMO,2,9
Ephixa,1,19
Future,1,15
Joji,1,3
The Cinematic Orchestra,3,28
John Newman,8,67
The Stereoscopic Orchestra,1,20
Edu Fernandez,1,43
leavv,1,1
Monetary Justice,1,1
HM SURF,1,1
Guustavv,1,1
Lilac,1,1
Mason,4,21
Jan Smit,1,3
Younotus,1,12
Jerome,2,32
Alicia Keys,3,8
DJ Satomi,1,3
José González,1,33
Culture Code,2,30
Madcon,3,17
Marco Borsato,6,48
The Neighbourhood,5,7
Moby Rich,1,1
Jon Bellion,1,3
Owl Vision,1,17
ZHU,10,19
LVNDSCAPE,3,33
Jvla,1,1
will.i.am,5,47
Plan B,19,86
Papa Roach,14,95
Rebel,1,1
Madeon,1,20
Camo & Krooked,1,4
Mike Ault,9,66
Teddy Cream,1,2
Caravan Palace,5,42
Mastodon,30,857
The FANatics,1,4
Redondo,1,1
Koosen,2,2
Formal Chicken,1,1
Vensterbank,1,1
NIKIBI,1,1
Avocuddle,2,4
Sea Flap Flap,3,3
E-dubble,1,1
Matt Simons,5,21
Blanee,1,1
Ween,1,17
Young the Giant,5,44
Dolly Dots,1,2
Jubël,1,3
Westside Connection,1,11
Whitney Houston,1,4
Passenger,1,21
Tube & Berger,1,14
Alkaline Trio,1,54
Macklemore,1,1
Gotye,3,17
Vigiland,2,22
Baha Men,1,18
Bee Gees,2,11
Oskar Schuster,3,26
J. Cole,6,33
Jefferson Airplane,1,13
Instant Party,5,40
Getter Jaani,3,7
Fatboy Slim,8,35
"Royce da 5'9""",3,8
Octopus Montage,1,4
Cheat Codes,2,20
Leo Sayer,1,20
Raekwon,2,34
Sean Finn,1,3
Green Bull,2,2
Joel Corry,1,2
Jaeger,9,109
Yeah Yeah Yeahs,1,14
Hellberg,3,3
The Beatles Tribute Band,1,22
Noisia,3,25
Promise Land,4,32
Movie Soundtrack All Stars,1,16
Halogen,1,3
Kiss,1,10
Capital Cities,1,33
Frans Duijts,1,3
Axwell,4,38
Grabbitz,1,16
Ram Jam,1,1
TDK,1,35
The Von Bondies,1,19
Mustasch,1,15
2010s Karaoke Band,1,3
The Fratellis,2,24
Cage the Elephant,5,62
Tristam,3,57
Lucio Quarantotto,1,1
Alice Deejay,2,4
F-777,1,20
Tha Playah,3,36
Jake Hope,1,5
Caesars,1,3
Downplay,1,26
SAYGRACE,1,4
Smash Mouth,4,27
Mia Strass,1,23
KAMAUU,1,1
fun.,4,43
My Chemical Romance,2,2
Major Look,1,26
At Dawn We Rage,1,23
Miss Hilda,1,1
CAT MUSIC,14,15
Sleepy Dogs,3,3
Sleepy Times,1,1
The Brothers Bright,2,37
Vangelis,2,7
Seven Lions,5,26
Walking Def,1,20
Bryan Adams,1,3
Nicky Starr,1,7
Rixton,1,30
Dolly Parton,1,31
Jasmine Thompson,1,22
Oliver,1,23
Era,2,49
Psy,1,18
Nina Simone,1,4
Charly Lownoise,2,33
The F-Ups,3,46
Belinda Carlisle,1,4
Duran Duran,1,2
Sendix,1,1
Spin Doctors,1,3
The Qemists,14,80
Axwell /\ Ingrosso,4,46
Parov Stelar,1,17
Andrew Seoul,1,15
Just A Gent,2,88
Sebastian Ingrosso,5,24
Tim Berg,2,13
Fink,1,10
De Toppers,1,6
Jebroer,5,53
Ghost,1,1
Bruce Hornsby,1,4
Swanky Tunes,2,19
Fytch,2,38
Darude,3,24
Quintino,2,10
Birdy Nam Nam,2,19
Sondr,2,6
Echos,11,18
Neil Diamond,1,3
Snap!,4,7
The Living Tombstone,1,7
DJ Antoine,3,11
Harold Faltermeyer,2,20
Bomfunk MC's,1,4
Van Dik Hout,1,2
pronobozo,1,1
Dash Berlin,1,3
Deetox,1,19
John Dahlbäck,1,18
SAINt JHN,1,38
Owl City,3,53
Guru Josh Project,3,19
Blank,3,7
Ozzy Osbourne,2,25
Unknown Brain,1,16
AC/DC,13,28
Milow,1,12
Wham!,2,5
2Faded,3,22
009 Sound System,1,2
Loreen,1,3
Matt Maeson,1,3
Black Sabbath,2,2
Márió,1,1
Nosferatu,1,21
Get Scared,1,6
A-Trak,4,17
Tungevaag & Raaban,4,44
Michel Teló,1,2
Salam Wreck,1,16
Charli XCX,3,12
Adel Tawil,1,1
Frédéric Chopin,2,19
Robin Hustin,1,10
Rave Radio,1,2
Zen/it,1,3
EGZOD,1,1
Rival,1,1
Funkadelic,1,16
Johan en Henk,1,6
Don Lore V,1,28
Varien,1,1
Creedence Clearwater Revival,1,21
Spanker,1,3
Moonbootica,1,1
Alle Farben,2,12
Lukas Graham,3,39
Temple of the Dog,1,2
Jonas Blue,11,71
Destiny's Child,1,20
DJ Isaac,1,6
Alphaville,1,7
The Buggles,1,9
Tom Novy,2,2
Kelly Clarkson,2,5
Andrew Rayel,1,15
Wheatus,1,2
DJ Gollum,2,12
Alien Project,2,10
Dzeko,2,2
Run–D.M.C.,2,23
Trapt,2,10
Abel,1,3
Maan,5,5
Ice Cube,3,11
Justin Timberlake,8,45
The Monkees,2,3
The Onion,2,2
Today Now! : Boy Finds Own Real,1,1
videogamedunkey,3,3
Kid Nation,1,1
Krunk!,1,3
Beartooth,3,56
Bassanova,2,3
Gaia,2,2
Karetus,2,30
Armand van Helden,4,9
PewDiePie,1,1
DramaAlert,1,1
Antichrist,1,28
Lykke Li,1,1
Stef Ekkel,1,1
The Chordettes,1,11
Enrique Iglesias,2,15
Sick Puppies,1,15
I'm Blue,1,19
DaCav5,1,9
Rico,1,2
Sharon Doorson,1,12
Commodores,1,2
Zentura,1,16
Tink,1,8
Tina Guo,1,3
Casting Crowns,8,36
Mason Ramsey,1,2
U-Recken,1,12
Drowning Pool,1,4
Hayley Williams,1,3
Route 94,2,23
David Bowie,2,12
Max Coveri,1,3
Dubskie,1,1
Breakbot,2,8
Cascada,4,20
Culprate,2,24
Daddy Yankee,1,1
Can't Stop Won't Stop,1,1
ANIMALS GO TO THE VET: Funniest REACTIONS,1,1
People Find Sealed Boxes Full Of Scared Cats,1,1
Tony Igy,1,1
"Lachen, gieren, brullen om #PRANKS",1,1
COFFIN DANCE MEME,1,1
Wildstylez,6,39
Sefa,12,44
Eastblock Bitches vs. Ostblockschlampen,1,1
Internet Comment Etiquette:,1,1
Viola Martinsson,1,56
Fools Garden,1,25
R3hab,1,1
Lange Frans & Baas B,1,3
Lilly Wood and the Prick,1,27
The Proclaimers,1,3
EZG,4,5
Wolfmother,1,2
Delta Heavy,5,12
Gazpacho,1,6
Benny Benassi Presents The Biz,1,7
Deep Purple,2,18
Steve Aoki,2,40
Survivor,1,21
Bassjackers,3,7
Idaly,1,2
Don Toliver,1,1
2 Unlimited,3,4
Dr. Kucho!,1,1
Just Chillax,1,31
Skazi,5,25
The Avalanches,1,10
Usher,5,34
Flobots,1,22
Natasha Bedingfield,1,12
Lucky Hz,2,35
Eppic,1,7
Adrian Lux,1,18
Kloud,6,11
George Michael,1,1
Kraantje Pappie,4,18
Boston,1,2
Pigeon John,3,8
Riot Ten,1,1
Lawineboys,1,9
Dexys Midnight Runners,1,5
LSD,15,81
"RISE (ft. The Glitch Mob, Mako, and The Word Alive) | Worlds 2018",1,1
The Police,2,2
Dream Mclean,2,28
Brave Shores,1,29
Ginger Ninja,1,18
lofi hip hop radio,1,1
Juno Reactor,2,2
Otto Knows,3,21
The Common Linnets,2,14
Manufactured Superstars,2,15
Sean Kingston,1,16
Sixpence None the Richer,1,3
The Bravery,1,3
KONGOS,1,3
Zany,2,22
Ace of Base,2,2
The White Stripes,3,26
Crypt The Warchild,1,1
Tristan & Bliss,1,1
Jack Holiday,1,18
The Clash,1,21
Showtek,3,21
The Pussycat Dolls,1,1
Zwette,2,28
Trap Music NOW.,6,101
Bill Withers,2,3
EDM Bot,3,3
ChilledCow,1,1
DJ Benji,1,1
Logic,4,8
KDrew,1,1
CAR MUSIC,5,8
AR Classic Records,1,1
Blaze Audio,6,7
deadmau5 & Shotty Horroh,1,1
Jay-Z / Linkin Park,3,6
Eurythmics,4,42
AZERIA,1,2
SwaySounnds,1,2
Grace,1,3
Area 11,1,32
Jannes,1,1
John Farnham,1,19
Rednex,1,2
Azhee,1,13
Julian Casablancas,3,35
Above & Beyond,2,3
JAY Z,5,114
Kris Kross Amsterdam,2,3
PresageMusic,1,8
Smartface,3,3
Kevin,3,4
George Frideric Handel,1,1
Mr. Hyde,1,1
TJH87,1,11
Skream ft. Sam Frank,1,15
Wu-Tang Clan,12,17
Diversity,1,6
Mötley Crüe,1,1
8 Graves,3,12
Parallel Sound,1,14
Eduard Khil,1,6
Bill Haley & His Comets,1,1
Gloria Gaynor,1,1
Tom Petty,2,20
Bootik,1,9
Cyranek,1,9
Scarphase,1,9
Reel Wolf Presents,1,17
André Hazes Jr.,1,3
Dope,3,4
Berg,2,3
Sonic Species,1,1
Metrik,2,3
Rasmus Kent,1,1
Blastoyz,2,2
Modern8,1,1
SCNDL,1,2
Sentinel 7,1,2
Stryker,1,1
WHITENO1SE,1,1
Phanatic,1,1
Lockdown,1,1
XYZed,1,1
Cosmic Flow,1,1
Audiomatic,1,1
Animato,1,1
Neelix,1,1
Dimatik,2,2
Mad Tribe,1,2
SpaceNoiZe,1,1
Inner State,1,1
Cool System,2,16
Feestdjruud,1,1
ComboBreakerHD,2,3
Nuttin' But Stringz,1,65
Post Malone,5,10
Brainpower,1,6
KOAN Sound,1,15
Zebrahead,2,26
RM,1,2
Magic!,2,13
Fetty Wap,1,25
Breathe Carolina,1,2
Golden Earring,1,19
ProleteR,2,19
London Philharmonic Orchestra,1,12
Carl Orff,3,4
Grxø,1,1
Jay-Z and Kanye West,2,2
Proximity,8,13
Priority One & TwoThirds,1,15
Block McCloud,2,28
Zware Jongens,2,3
Naughty Boy,2,36
Party Movie Massive,1,12
Sharax,1,3
Robosoul,1,12
STEREO,1,3
Lucid Plain,1,21
AC Slater,3,6
DubstepGutter,6,27
Iration,1,2
Nikolai Rimsky-Korsakov,2,2
Post Malone en Swae Lee,1,7
Trap City,6,27
STIMOBEAT,1,4
Riot,2,17
Alter.,1,1
Drop The Bassline,2,3
Invisible Lead Soup,1,1
Ghost in the Machine,2,3
Sub Zero Project & Phuture Noize,2,9
Jack Savoretti,2,2
Skan & Krale,2,12
Theis EZ,2,2
Vienna Philharmonic Orchestra,1,1
La Stravaganza,1,1
Rousseau,1,1
Ariana Grande,4,5
NEFFEX,1,6
MrSuicideSheep,1,2
Future House Cloud,1,1
Bounce United,5,17
"Apashe, Panther",1,4
Indian Askin,2,2
Dubstep Nation,2,2
Far Out,2,2
Within Temptation,1,1
Shivelight,1,4
Bokoesam,1,1
ATB,2,3
Kaleo,1,1
Boogie,1,1
Vanic,1,1
Modjo,1,4
EarthGang,2,2
Visionary Music Group,1,1
Dirty Workz,1,1
Klutch,1,1
Paul Johnson,1,1
Farley 'Jackmaster' Funk,1,4
JevonOfficial,1,1
Lemaitre,2,3
The Seige,18,52
Marilyn Manson,1,4
Beyond Radio,1,3
Arctic Empire,1,1
UNITEDubstep,1,2
Halsey,4,10
Trap Music,1,1
Syrex,1,1
AGM,1,1
Daniël Lohues,1,1
Skik,1,1
Masters of Hardcore,3,6
Arty,2,3
Reflekt & Ben Lepper,1,1
Reflekt,2,2
Epic Music World,2,6
Crystal Fighters,2,10
J3NK!NS,1,1
Sam Iverson,1,2
Lindemann,13,17
MAU5TRAP,1,1
The Black Eyed Peas,3,72
Monophonix,1,1
Cane Hill,2,6
BlackMask,1,1
Billx,2,2
Promo,1,3
DubVision,1,1
Ronnie Flex,1,2
Helion,2,3
2Scratch & Lox Chatterbox,1,3
Jorge Quintero,1,1
Emmit Fenn,2,2
Hef,1,1
Rob Bailey & The Hustle Standard,1,1
Snavs,3,3
New Adventures,13,13
Hip Hop Masters,1,1
Gunz For Hire,1,1
Sound Remedy,2,3
Stuck in the Sound,2,2
Danger,1,1
Crazy Town,1,2
Crunkz,1,1
Jay Pryor,1,1
P.E.P.E.,1,2
Truse Tarzan,1,1
Panda Eyes,5,6
Panda Eyes & Teminite,1,1
Blue Claw Philharmonic,1,1
YITT,1,2
Jean-Michel Jarre,11,11
Sam Fender,1,1
Drama B,1,6
At the Gates,2,3
Bobby McFerrin,1,1
Серёга,3,6
The Revivalists,11,17
Jubel,1,22
R.A. the Rugged Man,1,1
Fabian Mazur,3,3
Spag Heddy,3,3
SDMS,1,1
SAXITY,2,4
BooztKidz,1,1
Modestep,1,1
Nuwanda,1,1
Loud,1,2
Boggie,1,1
Aazar,1,1
edIT,4,15
Bass Boosted,1,2
The Four Seasons,1,1
Gryffin,2,6
Modern Talking,1,1
KANNIBALEN RECORDS,1,10
TrapWolves,1,2
Badfinger,2,15
Miami Beats,1,1
Calvin Harris en Sam Smith,1,4
matbow,1,1
InfectedMushroom,5,8
Tribal Trap,10,14
Interscope Records,1,1
2Scratch & TAOG,1,1
ODESZA,5,8
Fiona Winicki,1,1
Prodıgy,4,6
Confetti,1,4
Aviva,1,1
Hippie Sabotage,1,1
Dennis Lloyd,2,2
oneone,1,1
Alec Benjamin,1,1
Danny Olson,1,1
Travis Scott,1,3
Rainbow,2,2
AC Slater & Wax Motif,1,1
G-Eazy,3,11
Garmiani & Salvatore Ganacci,1,5
MJ,1,2
Lil Peep,18,20
Florian Paetzold,1,1
Lilly Wood & The Prick,2,4
Justin Caruso,2,3
André Hazes,3,9
Angerfist,13,20
Pegboard Nerds & Tristam,1,5
Tha Playah & Nosferatu,1,2
The Best,1,1
Dr. Peacock,24,32
Italobrothers,3,3
Fart in a Jar Martin,1,1
Crew Cardinal,1,1
Rain Man & Krysta Youngs,1,1
JVNA,1,1
Panda Eyes & Barely Alive & Virtual Riot,1,3
"Anton Ishutin, Deniz Reno",1,2
The Guy Who Needs To Win Everything,1,1
Kud,2,2
Nath Jennings,1,2
Nightcore,1,2
Downloadz,1,1
Travie McCoy,1,3
Tyga,2,5
What So Not,17,55
XYconstant,1,2
Skylar Grey,1,1
Alesso,4,29
Disciple,1,1
Alfons,1,1
Diddy - Dirty Money,2,3
Zayn,2,3
Chris Brown,1,2
Nelly,1,1
Radical Redemption,2,2
Secondcity,1,1
Jeremih,1,1
Charlie Puth,2,7
DJ Jean,1,1
Sharks,1,1
Linker,1,1
Fifth Harmony,4,8
Wat is jouw favoriete lichaamsdeel?,1,1
Kenny B,1,2
Nik Cooper,1,1
D-Block & S-te-fan (DBSTF),1,1
Tourist Lemc,2,3
Lil Kleine,3,4
Anime,1,1
3LAU,3,3
DROELOE,2,2
92elm,1,2
Vin Bogart,1,1
Hyume,1,1
Wanbs,1,1
"QUICKLY, QUICKLY",1,1
G Eazy & Halsey,1,1
KROWW,1,1
Audioslave,1,1
(G)I-DLE,3,5
Saltt,1,1
Waysons & R3HAB,1,1
CloudKid,1,1
Calvin Harris en Disciples,2,9
Robert Miles,1,2
Kokiri,2,3
asaa,1,1
Trap,7,7
RD Urbans Music ✅,1,1
NCS,1,1
Delete,1,1
Bearson,1,1
Kaskade,3,3
Blinders,1,1
The Doors,1,3
Undertale,1,1
Reverence,1,2
Obie Trice,1,1
Lil' Kleine en Ronnie Flex,1,1
Mr. Polska,3,3
Topnotch,2,2
Gareth Emery & Emma Hewitt,1,1
MrBetaxe,1,2
EllieGoulding,1,1
Modest Mouse,4,5
Space Buddha,1,4
Sasha Sloan,1,1
noahsarklabel,2,2
Chime,1,1
Da Tweekaz,3,6
YoungBoy Never Broke Again,2,3
Rae Sremmurd,2,4
Roddy Ricch,1,2
"Vini vici, Blastoyz, Jean Marie",1,1
Frenna,1,1
TrackGonEat,1,1
Joyner Lucas,3,7
Cheat Codes x Kris Kross Amsterdam,1,1
Delete Ft. Tha Watcher,1,1
Frontliner,1,1
Janelle Monáe,1,1
Bizzey en Boef,1,2
Merol,1,1
Sound Rush,1,1
EveGodat,1,1
Aero Chord,2,3
Jordan Comolli,1,1
Two Feet,2,11
Andrew Gold,1,1
Rex Sounds,1,2
Quality Out Records,1,1
Bass Modulators,1,1
Future's Finest,1,1
Carnage,5,36
Chapeleiro,1,1
Act of Rage,1,1
Lit Lords,1,1
Apollo Tribe,2,2
Lookas,1,2
"Armin van Buuren, Shapov",2,3
"Armin Van Buuren, Alexander Popov",1,1
"Armin Van Buuren, Rising Star",1,1
Synthatic,1,1
Kit Hype,1,2
Alien Records,1,1
alanasingh6,1,1
Project One,2,2
Night Tales,1,1
George Fitzgerald,1,1
Marian Hill,1,2
Claptone,1,1
Jan Blomqvist,3,3
Cosmo's Midnight,1,1
tim legend,1,1
San Holo,5,5
Dzeko & Torres,2,5
live 8,1,2
Mo-Do,2,2
Desire,1,1
Undercover,1,4
Itay Levy,1,1
Selena Gomez,1,1
Tropical Bleyage,1,1
Chicago,1,1
Tom Day,4,8
Fantasy Project,1,1
Belik Boom,3,4
Jolen,1,2
Cobra Starship,1,1
Kendrick Lamar,10,12
Cardi B,2,2
Nicky Romero,1,1
Cash Cash,3,3
Fais,2,3
"Stephen ""Ragga"" Marley",1,1
Blue Foundation & Zeds Dead,1,3
Tim White,1,2
Extreme,1,1
Freddie Mercury,9,14
טונה,1,2
slushii,2,2
מוטי טקה,1,1
Hadag Nahash,3,3
Stephen Marley,1,1
Getter & Datsik & Barely Alive,1,1
Sephyx,2,5
Highlight Tribe,1,15
Reliqium,1,2
Joe Stone,1,1
Tough Love,2,2
Just Kiddin,2,2
The Magician,2,2
Mike Mago,2,2
Storm Queen,1,1
Michael Calfan,4,5
Sigala,4,22
Kristine Blond,1,1
Gizelle Smith,1,1
LuvBug,1,1
John Gibbons,1,1
Shift K3Y,1,1
Caroline D'Amore,1,1
Blonde,3,5
MK,1,1
TCTS,1,1
Firebeatz,1,1
K-BILLY,1,1
Husman,1,1
Willem de Roo,1,1
Julian Jordan,1,1
Singer's Edge Karaoke,1,1
Cat Dealers,1,1
Ronald Goedemondt,1,1
The Galaxy,1,1
Frequencerz,1,1
D-Sturb,1,2
"EPMD’s Parish PMD Smith, Snowgoons & Sean Strange",1,1
Palm Trees,1,1
MSTRMND,1,1
Ronnie Darko,1,1
Virtual Riot,1,1
Crypsis,1,1
Shockwave,1,1
Gabe Prusa,1,1
LAXX,1,2
Sub Zero Project,1,1
Pentatonix,2,5
Red Velvet,1,1
Thank You Scientist,1,1
BLACKPINK,2,5
Lim Kim,2,2
Kuuro,1,1
Krono,1,1
Aaron Smith,1,1
Miike Snow,1,1
Purple Haze,1,1
Loud Luxury,1,1
Haliene,1,1
Cosmic Gate,1,1
Omnia,2,2
Super8 & Tab,2,2
Jeremy Vancaulart,1,1
Signum,1,1
Mark Sixma,1,1
Andrew Bayer,1,1
RDGLDGRN,1,1
DP Crew,1,1
STOTO,1,1
JayKode,1,1
Diabolic,1,1
Yves Larock,1,1
Ponti,1,1
Kodak Black,4,4
Phuture Noize,1,1
Little Mix,2,2
Bebe Rexha,1,1
half•alive,1,2
Trois Cafés Gourmands,1,1
Troye Sivan & Jónsi,1,1
I DONT KNOW HOW BUT THEY FOUND ME,1,1
Royal Blood,2,4
Omar Linx,10,11
Dominic Fike,5,6
Walk Off the Earth,1,1
XXXTentacion,8,10
Truth Hurts,1,1
Kuren,4,4
Psychedelic Universe,1,1
Wasted Penguinz,2,3
Larry Lurex,2,2
Wobblecraft,2,3
Sensory Tunes,1,1
Anne-Marie,6,8
One Direction,1,2
Necro,1,2
הדג נחש,7,16
Unique Vibes,1,1
Vincent,1,1
Dimitri Vangelis & Wyman,1,1
Clean Bandit feat. Demi Lovato,1,1
Calvin Harris & Dua Lipa,1,3
Burak Yeter,2,2
Kyla La Grange,2,10
Max Manie,1,1
Corey Hommel,1,1
Midnight Kids,1,1
TehGee,1,1
Naira Marley,1,1
Ernesto Cortazar,1,1
Highly Suspect,1,1
Lorenn Art,1,1
Aminium Music,1,1
Troye Sivan,2,3
SAMAHTA,1,1
The Delta,1,1
Marco V vs. Jens,1,1
Ferry Corsten,2,2
Jochen Miller,1,1
Art of Trance,1,1
Dakota,1,1
Ambassador,1,1
Dido,1,1
Vincent de Moor,1,1
Andain,1,1
Daphne Loves Derby,3,3
What So Not & Branchez,1,1
Infinity Ink,1,2
Bass Music Movement,1,2
Daughter,1,1
Gesaffelstein,1,1
Grimes,1,1
Ex:Re,1,1
Slipknot,2,6
Barns Courtney,1,5
Apocalyptica,7,7
Coldplay & Big Sean,1,1
Samuel Barber,1,2
Kanka,2,2
Adam WarRock,1,1
Dominik Omega,1,1
Emigrate,1,2
Zayde Wolf,2,2
BTS,1,1
Jennie,1,2
Kygo & Selena Gomez,1,1
Ski Mask the Slump God,1,1
Jamie xx,1,1
POP/STARS,1,1
Paxima,3,3
Break,1,2
Jackal,1,1
Years & Years,2,31
Of Mice & Men,1,1
LMFAO,1,1
Mobb Deep,1,1
Nothing More,1,1
Nova Schola Gregoriana,1,1
MOMOLAND,2,5
Jamie Berry,2,6
2Scratch & M.I.M.E,1,2
Fearless Motivation Instrumentals,1,1
Todd Helder,1,2
Tommy,1,1
Blackmill,2,2
Nils Frahm,4,6
Yiruma,2,27
Ólafur Arnalds,3,3
Fabrizio Paterlini,4,6
Ludovico Einaudi,3,5
Yann Tiersen,1,39
dbo,1,1
Piano Tribute Players,1,1
mustang19ms,1,1
Tape Five,1,1
M-22,2,2
Mandragora,3,5
Dr CoZmo,1,1
Nouveau Riche,1,1
Jairzinho,1,1
MDK,1,1
White Paper,1,1
OhMIE,1,1
Salt-N-Pepa,1,1
Epic Rap Battles Of History,21,205
JT Music,1,1
Teamheadkick,1,1
Sheck Wes,1,1
SFB,1,1
Lil Kleine en Ronnie Flex,1,1
TheNightcoreWitcher,1,3
Azet & Zuna,1,1
Mero,1,1
Absence,1,1
Major Lazer [OFFICIAL],1,1
Martin Neupert,1,1
Reef The Lost Cauze,1,1
Sullivan King,1,1
Armin van Buuren en Vini Vici,1,5
Kati Wolf,1,1
6ix9ine,1,1
Oticher,2,3
Groove Coverage en W&W,1,2
Five Knives,2,4
Cazzette en AronChupa,1,1
Moonwalkstudio,1,1
"Yung Quis ""FRIENDS"" (WSHH Heatseekers",1,1
GOT7,1,1
Lost Kings,2,2
Dillon Francis,1,2
$hirak,1,1
"Frenna, Boef en DJ Madam Julie",1,1
Sound of Soul,1,1
The 1975,4,6
Silk City en Dua Lipa,1,1
Ellie Goulding en Diplo,1,1
Gewoon Boef,2,3
Taska Black,2,2
DJ Jewels Baby,13,13
Ar-Ab Obh,1,1
timwestwood,1,1
Sociopath vs Psychopath,1,1
Dead or Alive,1,1
DifferentPulses,1,1
College,1,1
CollegeHumor,2,12
Bad Bunny Ft. Drake,1,1
BeezilBuB,14,16
Listenbee,1,3
Edm sphere,2,7
0shahar236,2,6
Infected With Hallucinogens & Psychedelic Mushrooms,1,1
Birouka,1,3
RandomMusicAndMore05,1,1
FireBug666,1,1
Stoore7,1,1
pivotomega123,1,1
Jacob Ward,1,1
TheDornado,1,1
WOW,1,1
M0nci0,1,1
DJ Snake en Lil Jon,1,1
OFENBACH,1,1
TELYKast ft. Melody Federer,1,1
Lil' Kleine,6,11
WorldStarHipHop,1,1
John Lemon,1,1
Bonkaz,1,1
Pentakill,1,1
Au/Ra,1,2
Anderson .Paak,2,2
Dario Marianelli,7,7
Julie London,1,1
Alok en Bruno Martini,1,1
Mt Eden,1,1
Lxandra,1,1
DJ Skandalous,1,1
Sound Adventures,1,1
Really Slow Motion,1,1
HowToBasic,1,1
"Jay Z, Kanye West",1,1
Alison Wonderland,3,3
Aerosmith,1,2
Kristoffer S B,1,1
jessbabe1995,1,1
Ultrabeat,1,1
Ian.Vaux,1,1
ShortAss05,1,1
basti_leo1993,1,1
Waylon Jennings,1,1
The Highwaymen,1,1
André van Duin,1,1
Sevenn en Tiësto,1,1
TranceSFX,1,1
Sonido Liberto,1,1
Black Violin,1,1
SoundWaveZ,1,1
Note Boss โหดสัส,1,1
Guy Balmas,1,1
Dr. Peacock en Crypton,1,1
mewithoutYou,1,1
oNlineRXD,1,1
Zack Gray en Nurko,1,1
x1te,1,1
Blur,5,5
Hatikwa,1,1
Mahmut Orhan,1,1
The Weeknd en Kendrick Lamar,1,1
Maruv en Boosin,1,1
FC RandomTV,1,1
Vadim Chaimovich,1,1
"KPM Philharmonic Orchestra, Hieronym Baltazar en Maciej Korczaky",1,1
RobTheImpure,1,1
Mahmut Orhan en Colonel Bagshot,1,1
LAY en Alan Walker,1,1
James Major,1,1
Yelawolf,1,1
"Infected Mushroom, Jetlag Music en Hot-Q",1,1
Timmy Trumpet en Dimatik,1,2
EURINGER,2,2
The Carters,1,1
Sam Tinnesz,2,2
The Strokes,3,3
The Left Rights,2,2
Silversun Pickups,1,1
The Official (Karaoke),1,1
Going Quantum,1,1
El profesor,1,1
Shinedown,4,12
Throttle,2,2
JAY-Z en Kanye West,2,4
Clozee,1,1
AronChupa en Little Sis Nora,1,1
Mustard Pimp,1,1
Kill the Noise,1,1
Bea Miller,1,1
Skrillex en Rick Ross,1,1
Christina Grimmie,3,3
fake shark real zombie,1,1
Zeds Dead,5,113
Speaker of the House,2,2
PSYMAFIA ॐॐॐ ॐॐ,1,1
Vini Vici en W&W,1,1
Joe Shmoe,1,1
"Sefa, Crypton",1,1
"Sefa, Dr. Peacock",2,3
Walston x yesyes,1,1
Cyclon,1,1
"Sefa, Hyrule War",1,1
"Sefa, Vertex, Crypton, Cyclon",1,1
James Arthur en Anne-Marie,1,1
"Diplo, French Montana en Lil Pump",1,1
RMX5900,1,4
"Diplo, Zhavia Ward en Lil Pump",1,1
Jebroer en Jebroer & DJ Paul Elstak,1,1
Simon Vilhelmsen,1,1
vegaobscura7,1,1
kranstick,1,1
A Perfect Circle,1,1
Paul Oakenfold,3,10
Grasmat,1,1
wesly bronkhorst,1,1
De Voetbal Kids,2,3
Inverse Phase,1,1
cra,1,1
Meek Mill,1,1
broederliefde,1,2
A.Keys,1,1
Benjamin Britten,1,1
2Cellos,3,7
Bigbang,1,1
Super Junior,1,1
FlowSik,1,2
Technotronix & Ingo Bergsen,1,1
Technotronic,1,1
Dutch Party,1,1
DIMMI,1,1
Michal Menert,1,1
The Black Keys,1,6
Ozuna,1,1
Dr Peacock,1,10
Jason Chen,1,2
Jess Glynne,1,1
Bizzey,2,2
ChaosCTRL,1,1
iEddy Gaming,1,1
Brian Tyler,1,1
Powerwolf,2,2
Jason Hayes,1,1
Ice MC,1,1
Alice Dj,1,1
Sean Dagher,1,2
Marcos Marin,1,1
Ennio Morricone,5,5
Walton Goggins,1,1
Tim Roth,1,1
Valentina,1,1
Mustard,1,1
aka george,1,1
Kristen Bell,1,1
Josh Gad,1,1
Christophe Beck,1,1
Kimyan Law,1,1
Adam Jensen,1,1
Royal Deluxe,1,1
Oh The Larceny,1,1
Samuel L. Jackson,1,1
Plain White T's,2,23
Demi Lovato,1,1
Jonna Fraser,1,1
Kataklysm,1,1
Lijpe,1,1
O.S. Collective,1,3
Kinderkoor Klavertje Vier,1,1
Fiona Apple,2,2
Apollo 100,1,2
New Harbour City Musical Ensemble,1,1
Hollywood Movie Theme Orchestra,1,3
Doodskop,1,2
Max Richter,7,13
Stayloose,1,2
Geechi,1,1
Black Veil Brides,1,2
Revival Mode,1,1
Scott Benson Band,1,1
Neophyte,2,6
ESV Eastside Villainz,1,1
Brains,1,2
Equilibrium,1,1
Yatta,1,1
Lil Lar,1,1
Rello4011,1,1
Vanessa Amorosi,1,1
AronChupa,1,28
asdfgfa,1,1
Snappie,1,1
Anna Metric,1,17
MF DOOM,3,4
Taeyang,10,12
Mozzy,1,1
George Thorogood & The Destroyers,1,1
Apathy,1,1
The Who,1,2
Dub Fx,2,12
The Future Sound of London,1,1
MiM0SA,1,1
Leonardo Andrade,1,1
Savage Garden,1,3
Dusty Springfield,1,1
Superorganism,1,1
Kasger,1,22
Jean-Michel Blais,2,24
JAXSON GAMBLE,1,1
Theory of a Deadman,3,5
EUT,1,1
Porcupine Tree,1,2
Jaydon Young,1,33
Caro Emerald,2,15
Maître Gims,1,12
Mark With a K,1,6
Montell Jordan,1,14
Adventure Club,2,9
Disfigure,1,25
Lauv,1,4
JOSCO,1,9
OPIUO,1,20
Starsplash,1,17
Ahzee,2,2
Martin Tungevaag,1,2
Maurizio Mastrini,1,1
Peter Fox,1,8
Seams,1,1
Youngblood Hawke,1,20
Smooth Jazz All Stars,1,9
Roldan Law,1,1
K.I.Z,1,1
Kayef,1,1
Trailerpark,1,1
Sound Assembly,1,1
Massive Attack,2,4
Kenny And The Scots,1,2
ARVFZ,1,1
Valentina Egli,1,3
Myrne,1,1
Blanke.,1,1
Evil Nine feat. EL-P,1,2
RL Grime,1,2
Mick Gordon,5,17
Hucci & Stooki Sound,1,3
Favulous,1,2
Deepend,1,1
Lucian,3,4
Thompson,1,1
Trap Music HD,1,1
FwuF,1,1
Massappeals,1,1
Hucci,1,1
Andy Galea,1,1
Disero,1,1
Bousmara Division N°1,1,1
The Lazy Boyz,1,26
Tropkillaz,2,2
Moti,1,2
Ryan Riback,1,2
Reel Big Fish,1,1
Robert DeLong,1,1
Sigma,2,6
Ace Ventura,1,1
Paul Elstak,4,8
Imany,1,5
Jonny Royall,1,1
Ivan B,4,15
Orjan Nilsen,1,3
Quinn XCII,1,2
Kids See Ghosts,2,5
Nas,3,5
Max Frost,1,1
Seeb,1,4
Ivon,1,1
Asaf Avidan,1,6
Ollie,1,1
Jay Z & Kanye West,2,2
SynSUN,1,1
LastQuincy,1,1
NGHTMRE,3,4
DJ Manian,1,1
Norman Cook,1,2
Meg & Dia,1,6
"K Theory, Social Kid",1,1
Rudi Feenstra,1,1
Jason Derülo,1,3
Blue Swede,1,24
Hailee Steinfeld,1,1
Camila Cabello,1,3
De Stoempers,1,1
Cris Cab,1,13
Liam Payne,1,1
Logan Henderson,1,1
Justin Bieber,1,1
Haezer,1,1
Mord Fustang,1,1
Brooks,1,1
Zatox,1,1
Moby,5,33
America,2,19
Grizfolk,6,8
Seafret,2,2
Bad Suns,3,3
Nothing But Thieves,5,7
Jaymes Young,4,4
Fitz and the Tantrums,2,2
Joywave,2,2
Atlas Genius,1,1
The Mowgli's,1,1
Matt and Kim,1,1
New Politics,2,2
Thousand Foot Krutch,2,2
P.O.D.,1,1
Hollywood Undead,4,4
Skindred,1,1
Megaherz,1,1
Fear Factory,1,2
The Howlin',1,1
Marnik,1,1
Voidoid,1,1
Gramatik,1,9
Dimitri Vegas  Like Mike,1,2
Alkilados,1,1
Tristania,1,1
Aphex Twin,2,2
Petit Biscuit,2,3
Cosma,1,1
Simple Plan,14,17
Sevn Alias,2,2
Deep Chills,2,2
Tchami,3,3
Charly Lownoise & Mental Theo,1,1
1200 Micrograms,1,1
Hilight Tribe,1,1
Cheryl,1,13
Couzare & Bossfight,1,9
Ahrix,1,15
John Christian,1,1
Shaggy,1,1
Avril Lavigne,1,1
DJ Jazzy Jeff & The Fresh Prince,1,1
Enyo,1,20
The Griswolds,1,1
Snails,1,1
Rain Man,1,1
Talpa,1,7
N.E.R.D.,1,50
CMC$,1,2
Despariah,1,18
Stephen Swartz,1,12
We the Kings,1,1
Good Charlotte,1,1
Neck Deep,1,1
Taking Back Sunday,1,1
Sugababes,1,11
All That Remains,12,21
Brothers Of Metal,12,12
The Raconteurs,1,1
Puddle of Mudd,1,1
Simian,1,19
Dark Oscillators,1,4
Michael Gracioppo,1,1
Norah Jones,1,1
NOFX,1,1
Woods,1,1
Ember Island,1,1
Nikki Yanofsky,1,1
Eric Bellinger,1,1
Bone Thugs-N-Harmony,3,3
Joybiza,1,1
Stafia,1,1
Young Dread,1,1
Matthias,1,1
Eric Church,1,1
Ghost Town,1,1
Obongjayar,1,1
Griffinilla,1,1
Timber Timbre,1,1
Sinkane,1,1
Creeper,1,1
Detroit Swindle,1,1
Mo Vibez,1,1
Uncle Acid & the Deadbeats,1,1
EDX,2,3
Blood Command,1,13
Hermitude,1,1
Jane XØ,1,2
Ella Vos,2,3
Spirix,1,1
Hakimakli,1,1
Faul,1,1
Hiddn,1,1
Autograf,2,3
HEUSE,1,1
1WayTKT,1,1
Nora En Pure,4,5
Ferreck Dawn,1,3
Cookin' On 3 Burners,1,1
PLVTINUM,1,1
Golden Vessel,1,1
Inna,1,1
BANKS,1,1
Tez Cadey,2,2
Elephante,2,2
Matthew Koma,1,1
Arman Cekin,3,3
Marvin Gaye,1,1
Said The Sky,2,3
Freischwimmer,1,1
Felix Cartal,2,2
HAUX,1,1
Jerry Folk,1,1
Jai Wolf,2,3
Alina Baraz,2,2
DJ Henry X,1,1
RÜFÜS DU SOL,1,1
Sophie Francis,1,2
Marcus Mouya,1,1
Kiso,2,2
Spada,1,1
AU8UST,1,2
Boxinbox & Lionsize,1,1
Khrebto,1,1
Josef Salvat,1,1
El Mukuka,1,1
Simioli,1,1
Steve Angello,1,1
Borgeous,1,1
Gregori Klosman,1,1
Always Never,1,1
Lipless,1,1
No Way Back,1,1
Sons Of Maria,2,2
Moguai,2,3
Filous,1,1
Justin Prime,1,1
Steve James,1,1
Take/Five,1,3
Louis Futon,1,1
A R I Z O N A,2,3
Calippo,1,1
Frank Pierce,1,1
Cedric Zeyenne,1,1
Mura Masa,3,3
VALNTN,1,1
Feder,1,1
NuYuh,1,1
Daddy's Groove,1,1
The Him,2,2
Jewelz & Sparks,1,1
Manotett,1,1
Mako,1,1
SNBRN,2,2
No TV No Radio,1,1
Denny White,1,1
RÜFÜS,2,2
XYLØ,1,1
Without,1,1
LANY,1,1
Bipolar Sunshine,1,1
Filterheadz,1,1
The M Machine,1,1
Opia,1,1
Anna of the North,1,1
Astrid S,1,14
Trivium,1,1
Devin Townsend Project,2,2
Periphery,2,2
Kvelertak,2,3
Protest the Hero,1,1
Nevermore,1,1
Darkest Hour,1,1
Smart Baby Lullaby,1,1
Anathema,1,1
Interpol,1,1
Arcade Fire,1,2
Kasabian,3,4
Tame Impala,3,3
Mac DeMarco,1,2
Foals,3,3
Vince Staples,1,1
Broken Bells,1,2
Bloc Party,1,1
Chase & Status And Blossoms,1,3
Animals as Leaders,1,1
Lamb of God,1,1
Machine Head,1,1
Left To Vanish,1,1
Milestones,1,1
Hank Williams,1,1
Death Grips,1,1
Dennis Kruissen,1,1
Hearts & Colors,1,2
Fred V & Grafix,1,1
Goldie,1,1
Drumsound & Bassline Smith,1,1
Waterflame,1,1
Jimi Hendrix,1,1
Hawkwind,1,1
Rob Gasser,1,4
Rilan & The Bombardiers,1,1
Iron Maiden,1,1
Måns Zelmerlöw,1,1
Niels Geusebroek,1,1
Bare Jams,1,1
Ezra Vine,1,1
China Lane,1,1
Douwe Bob,1,1
Jakub Ondra,1,1
Dan Auerbach,1,1
Matstubs,1,2
Feyenoord Selectie '92,1,1
Red&White Crowd,1,1
LeeTowers,2,2
Egypt Central,1,1
Chevelle,2,2
Mudvayne,1,1
Bullet for My Valentine,2,3
The Used,1,1
Stone Sour,1,1
TobyMac,1,1
Pretty Lights,1,1
Maduk,2,3
Nero,12,38
lny tnz,1,9
Moriarty,1,2
Different Heaven,1,1
Evix,1,1
Hollywood Principle,2,6
Emma Bale,1,2
Heikki Kuula,1,1
Cryptex,1,1
Grant Smillie,1,1
Dinka,1,1
Hatikva 6,1,3
Flyleaf,1,1
Vexare,1,1
Live My Last,1,1
Down In Ashes,1,1
Sunstars,1,1
Türküm,1,1
Activator,1,1
Sonic Syndicate,1,1
Dyprax,1,1
Michael Kiwanuka,2,2
NORDe,2,4
Sebastien Drums,1,2
Dirtcaps,1,2
Ben Hobbs,1,2
Manatee Commune,1,1
Hounded,1,1
Cruels,1,1
Michael Brun,2,2
Set Mo,1,1
Liv Dawson,1,1
Jones,1,1
Maverick Sabre,1,1
Krrum,1,1
Alice Jemima,1,1
Chinah,1,1
Polographia,1,1
Loyal,1,1
Joe Goddard,1,1
Offaiah,2,2
The Avener,1,1
Nihils,1,1
Bonobo,2,2
Win and Woo,1,1
Vérité,1,1
Nicolas Haelg,1,1
Tom Redwood,1,1
Lido,1,1
Mr. Tophat,1,1
Boehm,1,1
With You.,1,1
Stereo Express,1,1
Shelco Garcia & TeenWolf,1,1
Kllo,2,2
Cubicolor,2,4
Rozes,1,1
Melle Jutte,1,1
Hedia,1,1
Andrew Luce,1,1
Hudson Scott,1,1
SirOJ,1,1
Honne,1,1
Ed Wells,1,1
Monsieur Adi,1,1
SRTW,1,1
Le Youth,1,1
Frost,1,1
Sälen,1,1
Nyxen,1,1
Coucheron,1,1
Movement,1,1
Rhodes,1,1
Ry x,1,1
LIOHN,1,1
Nathan Goshen,1,1
Lucas Nord,1,1
Kr3Ture,1,1
Boa,1,1
Brandyn Burnette,1,1
Lo,1,1
Owkey,1,1
Rachèl Louise,1,1
Gavin James,1,1
Vanessa Carlton,1,1
Korn,1,1
NAV,1,1
Jed Harper,1,1
Binum,1,1
Moriks,1,1
Miss K8,1,1
Jeff Williams,1,1
Peter Sandberg,3,7
Dardust,1,2
Shaun Taylor McManus,1,2
Johannes Bornlof,5,6
Relajar,1,3
Peter Broderick,1,3
Charlie key,2,3
Clint Mansell,1,2
Grobert,2,3
Charles Bolt,2,3
Joep Beving,4,7
Sigimund,2,4
Philip Glass,3,6
Otto Wahl,2,5
Juliana,2,2
Alex Kozobolis,1,1
Goldmund,4,6
Hugar,2,2
Dmitry Evgrafov,2,2
Alexandra Streliski,1,1
Kylian Rebour,1,1
Mélanie Laurent,2,5
Dirk Maassen,3,3
Piotr Miteska,2,2
Lo Mimieux,1,4
Leo Finka,1,1
David West,1,2
Vincent & A Secret,1,1
Phildel,1,1
Chad Lawson,1,2
Mbo Mentho,1,1
Novel,1,2
Hermann,1,1
Christoph Willibald Gluck,1,1
Tonie Green,1,2
Firstnighter,1,1
Dustin O'Halloran,3,7
Rhiannon Bannenberg,2,3
Oneke,2,2
The Daydream Club,1,1
Julius Aston,1,1
Akira Kosemura,1,2
Karin Borg,2,3
Rebour,1,1
Agnes Obel,2,2
Jeff Bright Jr,1,1
Deaf Center,1,2
Greg Haines,1,2
Peter Bradley Adams,1,1
Novo Talos,1,1
Roberto Cacciapaglia,1,2
Mayhem,1,1
PIANO NOVEL,1,1
Half Moon Run,1,1
Gavin Luke,1,1
Greg Barley,2,2
Gabriel Parker,3,3
Ana Olgica,1,2
Neil Cowley Trio,1,2
Bruno Bavota,1,1
The Arcadian Wild,1,2
Emika,1,1
Ozymandias,1,1
Alexis Ffrench,1,2
Amity Cadet,1,1
Benny Treskow,1,1
Lü Wencheng,1,1
James Spiteri,1,1
Otto Totland,1,1
Gabriela Parra,1,1
Philip Wesley,1,2
Michl,1,1
Mind Vortex,1,26
HOMmega official,3,7
Olivia Newton-John,1,1
Frankie Valli,1,1
5 Seconds of Summer,4,4
Tinashe,1,2
Mokita,1,2
Luca Schreiner,1,2
Mandelbarth,1,1
Robbie Rivera,1,2
TRXD,1,2
Jesper Jenset,1,2
Tep No,1,2
Sandro Silva,1,2
Broken Back,2,3
OLLIN KAN,1,2
Kenn Colt,1,2
Jon Sine,1,2
RÆVE,1,2
NLSN,1,2
TV Noise,1,1
Dolf,1,1
Gnarly Gibbs,1,1
Isac Elliot,1,1
Vijay & Sofia Zlatko,1,1
Hugel,1,1
LCAW,1,1
Tim Arisu,1,1
Lea Rue,1,1
Dropgun,1,1
Svenja Leopold,1,1
Girls love djs,1,1
Møme,1,1
Starley,2,2
Kav Verhouzer,2,2
Calvo,1,1
Larrykoek,1,1
Blinkie,1,1
PenThoX,1,1
Suite 69,1,1
Julius Abel,1,1
Boy Kiss Girl,1,1
Lincoln Jesser,1,1
Aeroplane,1,1
Juliette Claire,1,1
Wild Royal Coast,1,1
Fountain of youth,1,1
Nuits d'Etoiles,1,1
Hakuna,1,1
TooManyLeftHands,1,1
Chad Cooper,1,1
Henri Pfr,1,1
JP Cooper,1,1
Cookie Crumbles,1,1
Propulsive,1,1
Broiler,1,1
<Unknown>,31,316
Psibindi,1,2
Pianoramix,1,1
NerdOut,1,1
Halloween party,1,1
Monster High,1,1
Tokyo Machine,1,1
Dusky,1,1
Darius,1,1
Anna Yvette,1,1
Tom Misch & Carmody,1,1
PROFF,1,1
Declan McKenna,1,1
Thelonious Monk,1,1
Chilly Gonzales,1,1
Michael Sparks,1,1
MMXVAC,1,1
Havok Roth VIP,1,1
Rishi,1,1
Sillo,1,7
Dumpert Anthem,1,1
Julian Calor,1,1
Des Devious,1,2
Jus Allah,2,4
Michael Jackson,3,3
Kinderliedjes,1,1
Watsky,1,1
Christian Sleeman,1,2
PAZ,1,2
Launch Kontrol,1,2
Elysian Records,2,3
TheUnder,1,2
Marc  Madness,1,1
Go Hard Records,1,1
ZVNEX.,1,1
Dropkillerz,2,4
WELT,1,1
Mendus,1,2
Trap Sounds,15,19
Superbeats,3,4
FILTHY DELUXE,1,2
Smog Records,1,1
Victor Niglio,1,1
KING TUTT [OFFICIAL],1,1
Unborn Records,1,1
TRAP PARTY,2,2
KayOh,1,1
Formil,1,1
CAPS LOCK CREW,1,1
ToDieFor,2,2
Lexxmatiq,2,2
Hydr8,1,1
Tomsize,2,3
Philip Podraza,1,1
Gioni,1,1
SickStrophe☆,1,1
Kxa,1,1
DEKKU,1,1
RyothEternal,1,1
Marshvll,1,1
Simtem,1,1
Cirque du Freak,1,1
Plenum Records,2,2
Sammie Beats,1,1
ƁⱢККИ₲,1,1
Motionzz,1,1
MxM (Official),1,1
HateRade,3,3
Trap and Bass,1,1
SHIP WREK,1,1
Felipe Saldanha Brasil 1,1,1
ZooKeepers,1,1
Just Fine,1,1
keroinn.,1,1
Cult To Follow,1,1
mp3lio.com,1,14
Tabasko,1,1
Protostar,1,1
Thomas Hayes,1,1
Pierce Fulton,1,1
Friction,1,1
Andy C,1,1
Benjamin Carlisle,1,1
Tam Cooper,1,1
Paul SG,1,1
Star.One,1,1
Jerome Price,1,1
The Ataris,1,1
Lawson,1,1
Seryoga,1,12
Dmytro Morykit,1,1
Het Goede Doel,1,1
SIN,1,1
Unwritten Law,1,1
We Are Scientists,1,1
Thrice,1,1
OK Go,1,1
Nine Black Alps,1,1
Emanuel,1,1
Animal Alpha,1,1
Asian Dub Foundation,1,1
Morningwood,1,1
Funeral for a Friend,1,1
Andrey Avkhimovich,1,3
A Day to Remember,1,1
Pillar,1,1
Myths and Legends,1,1
The Message,1,1
John Martyn,1,1
The Seekers,1,1
The Strumbellas,8,20
New World Sound and Thomas Newson,1,1
Felguk,3,20
Infected Mushroom & Berry Sakharof,1,1
Jonny,1,1
Foreign Beggars,1,1
Aligator,1,2
DJ Panda,1,5
Lil Dicky,1,1
Maitre Gims,1,4
AN21,1,3
Death Cab for Cutie,1,1
GMPresents,1,8
Nick Phoenix,10,125
Clicks & Whistles,1,1
Fearless Motivation,20,45
"Kygo, Parson James",1,1
Thin Lizzy,1,1
Lisa Gerrard,1,1
